﻿<?xml version="1.0" encoding="utf-8" ?>
<!--Created:cb85b80c-f585-40ff-8bfc-12ff4d0e34a9-->
<App xmlns="http://schemas.microsoft.com/sharepoint/2012/app/manifest"
     Name="AMATTIF"
     ProductID="{42187fcc-c242-466f-9381-5e811dc4011f}"
     Version="1.0.0.0"
     SharePointMinVersion="16.0.0.0"
>
  <Properties>
    <Title>AMAT.TIF</Title>
    <StartPage>~remoteAppUrl/Pages/TIF.aspx?{StandardTokens}</StartPage>
  </Properties>

  <AppPrincipal>
    <RemoteWebApplication ClientId="*" />
    <!--<RemoteWebApplication ClientId="1052eff0-d779-4589-9e72-54f0efd91da8" />-->
  </AppPrincipal>
  <AppPermissionRequests AllowAppOnlyPolicy="false">
    <AppPermissionRequest Scope="http://sharepoint/content/sitecollection" Right="FullControl" />
  </AppPermissionRequests>
</App>
