﻿<?xml version="1.0" encoding="utf-8"?>
<Feature xmlns="http://schemas.microsoft.com/sharepoint/" Id="073f520a-6ad0-4b58-bada-727bb762cc69" Scope="Web" Title="AMAT.BIM-Communication Feature1" Version="1.0.0.1">
  <ElementManifests>
    <ElementManifest Location="SiteColumn1\Elements.xml" />
  </ElementManifests>
  <UpgradeActions>
    <VersionRange>
      <ApplyElementManifests>
        <ElementManifest Location="SiteColumn1\Elements.xml" />
      </ApplyElementManifests>
    </VersionRange>
  </UpgradeActions>
</Feature>