﻿<?xml version="1.0" encoding="utf-8"?>
<Elements xmlns="http://schemas.microsoft.com/sharepoint/">
  <ClientWebPart Name="TiF-Form" Title="TiF-Form" Description="TiF-Form Description">

    <!-- Content element identifies the location of the page that will render inside the client web part
         Properties are referenced on the query string using the pattern _propertyName_
         Example: Src="~appWebUrl/Pages/ClientWebPart1.aspx?Property1=_property1_" -->
    <Content Type="html" Src="~remoteAppUrl/Pages/TiF-Form.aspx?{StandardTokens}&amp;formId=frmId&amp;ReferBy=Main&amp;fromWhere=mail" />

    <!-- Define properties in the Properties element.
         Remember to put Property Name on the Src attribute of the Content element above. -->
    <Properties>

      <Property Name="formId" Type="string"
          DefaultValue="frmId"
          RequiresDesignerPermission="true"
          WebCategory="formId Parameter"
          WebDisplayName="formId">
      </Property>
      
      <Property Name="ReferBy" Type="string"
          DefaultValue="Main"
          RequiresDesignerPermission="true"
          WebCategory="ReferBy Parameter"
          WebDisplayName="ReferBy">
      </Property>

      <Property Name="fromWhere" Type="string"
        DefaultValue="mail"
        RequiresDesignerPermission="true"
        WebCategory="fromWhere Parameter"
        WebDisplayName="fromWhere">
      </Property>

    </Properties>

  </ClientWebPart>
</Elements>
