﻿<?xml version="1.0" encoding="utf-8" ?>
<!--Created:cb85b80c-f585-40ff-8bfc-12ff4d0e34a9-->
<App xmlns="http://schemas.microsoft.com/sharepoint/2012/app/manifest"
     Name="AMATBIM-Communication"
     ProductID="{672435ad-0dd8-4eba-83d3-280903e678c5}"
     Version="1.0.0.1"
     SharePointMinVersion="16.0.0.0"
>
  <Properties>
    <Title>AMAT.BIM-Communication</Title>
    <StartPage>~remoteAppUrl/Pages/Default.aspx?{StandardTokens}</StartPage>
  </Properties>

  <AppPrincipal>
    <RemoteWebApplication ClientId="*" />
    <!--<RemoteWebApplication ClientId="c6551e2b-1166-48d4-b6e1-a1ae25d8309f" />-->
  </AppPrincipal>
  <AppPermissionRequests AllowAppOnlyPolicy="true">
    <AppPermissionRequest Scope="http://sharepoint/content/sitecollection" Right="FullControl" />
  </AppPermissionRequests>
</App>
