﻿<?xml version="1.0" encoding="utf-8"?>
<Feature xmlns="http://schemas.microsoft.com/sharepoint/" Id="c541be64-afe6-47d1-bed2-231500546cb8" Scope="Web" Title="AMAT.BIM_UMS Feature1" Version="1.0.0.10">
  <ElementManifests>
    <ElementManifest Location="EmptyElement\Elements.xml" />
    <ElementManifest Location="Elements.xml" />
  </ElementManifests>
  <UpgradeActions>
    <VersionRange>
      <ApplyElementManifests>
        <ElementManifest Location="EmptyElement\Elements.xml" />
        <ElementManifest Location="Elements.xml" />
      </ApplyElementManifests>
    </VersionRange>
  </UpgradeActions>
</Feature>