﻿<?xml version="1.0" encoding="utf-8"?>
<!--Created:cb85b80c-f585-40ff-8bfc-12ff4d0e34a9-->
<App xmlns="http://schemas.microsoft.com/sharepoint/2012/app/manifest" Name="AMATBIM_UMS" ProductID="{b39a6438-067c-427e-af94-e6fca0d2e0fd}" Version="1.0.0.10" SharePointMinVersion="16.0.0.0">
  <Properties>
    <Title>AMAT.BIM_UMS</Title>
    <StartPage>https://localhost:44304/Pages/UMS.aspx?{StandardTokens}</StartPage>
  </Properties>
  <AppPrincipal>
    <!--<RemoteWebApplication ClientId="c584af8d-e6a4-4da5-a9e7-0b6ddf6d99e3" />-->
    <AutoDeployedWebApplication>
      <DebugInfo ClientSecret="YtI8ZLE0kdS5RjHRRalvxazEB/4QwtGhJx3/20Y0Ing=" AppUrl="https://localhost:44304/" />
    </AutoDeployedWebApplication>
  </AppPrincipal>
  <AppPermissionRequests>
    <AppPermissionRequest Scope="http://sharepoint/content/sitecollection/web" Right="FullControl" />
  </AppPermissionRequests>
</App>