﻿<?xml version="1.0" encoding="utf-8"?>
<Elements xmlns="http://schemas.microsoft.com/sharepoint/">
  <ClientWebPart Name="UMS-V2" Title="UMS-V2 Title" Description="UMS-V2 Description" DefaultWidth="300" DefaultHeight="200">

    <!-- Content element identifies the location of the page that will render inside the client web part
         Properties are referenced on the query string using the pattern _propertyName_
         Example: Src="~appWebUrl/Pages/ClientWebPart1.aspx?Property1=_property1_" -->
    
    <Content Type="html" Src="https://localhost:44304/Pages/UMS.aspx?{StandardTokens}&amp;tab=tabname&amp;category=one" />

    <!-- Define properties in the Properties element.
         Remember to put Property Name on the Src attribute of the Content element above. -->
    <Properties>
      <Property Name="tab" Type="string"
         DefaultValue="tabname"
         RequiresDesignerPermission="true"
         WebCategory="tab Parameter"
         WebDisplayName="tab">
      </Property>

      <Property Name="category" Type="string"
          DefaultValue="one"
          RequiresDesignerPermission="true"
          WebCategory="category Parameter"
          WebDisplayName="category">
      </Property>

    </Properties>

  </ClientWebPart>
</Elements>
