﻿<?xml version="1.0" encoding="utf-8" ?>
<!--Created:cb85b80c-f585-40ff-8bfc-12ff4d0e34a9-->
<App xmlns="http://schemas.microsoft.com/sharepoint/2012/app/manifest"
     Name="AMATCIF_Prod"
     ProductID="{99748041-0362-40bc-95b7-5712369596ae}"   
     Version="1.0.0.0"
     SharePointMinVersion="16.0.0.0"
>
  <!--ProductID="{99748041-0362-40bc-95b7-5712369596ad}-->
  <Properties>
    <Title>AMAT.CIF</Title>
    <StartPage>~remoteAppUrl/Pages/Default.aspx?{StandardTokens}</StartPage>
  </Properties>

  <AppPrincipal>
    <!--<RemoteWebApplication ClientId="fd845820-8479-4d91-90f0-7c0e8e7ecb47" /> prod-->
    <RemoteWebApplication ClientId="*" /> 
   </AppPrincipal>
  <AppPermissionRequests>
    <AppPermissionRequest Scope="http://sharepoint/content/sitecollection" Right="FullControl" />
  </AppPermissionRequests>
</App>
